Metric,Value
Driver,Faraz
Timestamp,2026-03-25 14:31:57

Blinks,0
Yawns,0
Avg EAR,0.2983882680606874
Avg MAR,0.022417899320723425
Drowsy Count,0
